First Name,Last Name,Job Title,Email,Phone Number,Address,Hire Date,Salary,Department,Password
Jason,Holder,"Optician, dispensing",hkeller@example.net,491.818.6795x45894,USCGC Norris FPO AE 80555,2024-10-29,95878,"Therapist, music",VCq4ZTgy&P
Bobby,Powell,Legal secretary,conniewilson@example.org,+1-769-475-0638x85005,"180 Mark Shores Suite 842 Kevinville, KS 49069",2020-04-07,31731,"Surveyor, planning and development",9dLWJ6Dh@b
Kathryn,Montoya,Chiropodist,michael37@example.com,001-718-504-9848x862,"62065 Samuel Centers Suite 865 East Randyside, HI 53077",2023-11-08,89732,Race relations officer,$V2LtCLgs&
Debra,Brennan,Medical illustrator,bwright@example.net,883.789.5330,"223 Hammond Roads Alyssaport, MI 56040",2021-07-16,37533,Theatre stage manager,$4OxVodKr7
Matthew,Potter,Careers information officer,thomasevans@example.com,001-415-933-9263x7146,"743 Hopkins Mews Suite 981 Dustinhaven, MH 65237",2020-06-28,95608,"Surveyor, commercial/residential",Ly(!5RgTBy
Shirley,Cook,Applications developer,rose17@example.net,(411)523-4938x09932,"20656 Ryan Extensions Kellyberg, NV 85977",2024-10-21,91321,"Therapist, occupational",_5xaA#fs1I
Emma,Rodriguez,Occupational therapist,mariowilson@example.org,693.294.4823,"3680 Samuel Lakes Apt. 094 Lauraton, MN 70907",2021-10-31,96060,Textile designer,Cr(2BshsjV
David,Gonzalez,Training and development officer,gordoncarlos@example.com,(240)731-1883x4018,"159 Hart Common Lake Francesville, GU 99934",2023-10-15,40096,Hydrogeologist,!o1N5N*dM#
James,Willis,Adult nurse,josephwallace@example.com,7284104729,"3632 Weeks Shores Suite 948 Lake Lauramouth, WV 29287",2022-08-22,63463,Dietitian,$_#2nQoPyf
Michael,Smith,"Engineer, broadcasting (operations)",christophergardner@example.net,001-460-480-0020,"4321 Osborne Mall Suite 532 Jenkinsville, GU 91541",2023-01-07,49422,Commissioning editor,(+qADN9ug3
